                  epoch,         train/box_loss,         train/cls_loss,         train/dfl_loss,   metrics/precision(B),      metrics/recall(B),       metrics/mAP50(B),    metrics/mAP50-95(B),           val/box_loss,           val/cls_loss,           val/dfl_loss,                 lr/pg0,                 lr/pg1,                 lr/pg2
                      1,                 7.1034,                 51.552,                 4.2299,                      0,                      0,                      0,                      0,                 0.3592,                 88.321,                0.20524,                      0,                      0,                      0
                      2,                 5.0787,                 116.07,                 2.8078,                      0,                      0,                      0,                      0,                0.35874,                 88.336,                0.20501,             1.6615e-05,             1.6615e-05,             1.6615e-05
                      3,                 1.0581,                 113.48,                0.61393,                      0,                      0,                      0,                      0,                0.35831,                  88.39,                 0.2048,              3.312e-05,              3.312e-05,              3.312e-05
                      4,                  7.155,                 76.279,                 4.2397,                      0,                      0,                      0,                      0,                  0.358,                 88.433,                0.20465,             4.9515e-05,             4.9515e-05,             4.9515e-05
                      5,                 4.9772,                 112.94,                  3.315,                      0,                      0,                      0,                      0,                0.35771,                 88.472,                0.20451,               6.58e-05,               6.58e-05,               6.58e-05
                      6,                 1.0183,                 109.89,                0.59708,                      0,                      0,                      0,                      0,                0.35738,                 88.541,                0.20435,             8.1975e-05,             8.1975e-05,             8.1975e-05
